Timestamp,Activity,MemoryTotal,MemoryUsed,MemoryUsedPercent,CPUUsage,LoadAvg,Uptime,PowerUsage
2024-12-31T21:57:59+05:30,Node registered with main server,%!f(<nil>),%!f(<nil>),%!f(<nil>),%!f(<nil>),%!f(<nil>),%!d(<nil>),%!f(<nil>)
2024-12-31T21:58:04+05:30,Request received and processed,%!f(uint64=11675),%!f(uint64=5445),46.64,4.86,0.82,3364,0.00
2024-12-31T21:58:05+05:30,Request received and processed,%!f(uint64=11675),%!f(uint64=5434),46.55,4.52,0.82,3364,0.00
2024-12-31T21:58:07+05:30,Request received and processed,%!f(uint64=11675),%!f(uint64=5438),46.58,0.92,0.82,3367,0.00
2024-12-31T21:58:09+05:30,Request received and processed,%!f(uint64=11675),%!f(uint64=5431),46.52,5.27,0.75,3369,0.00
2024-12-31T22:07:23+05:30,Node registered with main server,%!f(<nil>),%!f(<nil>),%!f(<nil>),%!f(<nil>),%!f(<nil>),%!d(<nil>),%!f(<nil>)
2024-12-31T22:07:28+05:30,Request received and processed,%!f(uint64=11675),%!f(uint64=5498),47.09,6.33,1.10,3928,0.00
2024-12-31T22:07:29+05:30,Request received and processed,%!f(uint64=11675),%!f(uint64=5488),47.01,6.73,1.10,3928,0.00
2024-12-31T22:07:31+05:30,Request received and processed,%!f(uint64=11675),%!f(uint64=5481),46.95,4.71,1.17,3931,0.00
2024-12-31T22:07:34+05:30,Request received and processed,%!f(uint64=11675),%!f(uint64=5477),46.92,1.09,1.17,3933,0.00
2024-12-31T22:07:37+05:30,Request received and processed,%!f(uint64=11675),%!f(uint64=5470),46.86,1.26,1.08,3936,0.00
2024-12-31T22:07:39+05:30,Request received and processed,%!f(uint64=11675),%!f(uint64=5452),46.70,4.04,1.08,3939,0.00
2024-12-31T22:07:46+05:30,Node registered with main server,%!f(<nil>),%!f(<nil>),%!f(<nil>),%!f(<nil>),%!f(<nil>),%!d(<nil>),%!f(<nil>)
2024-12-31T22:07:50+05:30,Request received and processed,%!f(uint64=11675),%!f(uint64=5555),47.59,6.49,1.05,3950,0.00
2024-12-31T22:07:51+05:30,Request received and processed,%!f(uint64=11675),%!f(uint64=5561),47.64,5.03,1.05,3950,0.00
2024-12-31T22:14:51+05:30,Node registered with main server,%!f(<nil>),%!f(<nil>),%!f(<nil>),%!f(<nil>),%!f(<nil>),%!d(<nil>),%!f(<nil>)
2024-12-31T22:15:26+05:30,Node registered with main server,%!f(<nil>),%!f(<nil>),%!f(<nil>),%!f(<nil>),%!f(<nil>),%!d(<nil>),%!f(<nil>)
2024-12-31T22:15:34+05:30,Request received and processed,%!f(uint64=11675),%!f(uint64=5781),49.52,13.36,3.05,4414,0.00
2024-12-31T22:15:35+05:30,Request received and processed,%!f(uint64=11675),%!f(uint64=5778),49.49,12.78,2.89,4414,0.00
2024-12-31T22:15:38+05:30,Request received and processed,%!f(uint64=11675),%!f(uint64=5767),49.40,10.31,2.89,4417,0.00
2024-12-31T22:15:40+05:30,Request received and processed,%!f(uint64=11675),%!f(uint64=5749),49.25,13.36,2.98,4420,0.00
